{
	"class_name" : "PinholeCameraParameters",
	"extrinsic" : 
	[
		0.99548864314622698,
		0.0048054443846507755,
		-0.09475900522457055,
		0.0,
		0.086288732151704794,
		-0.46114616044761075,
		0.88311860664809794,
		0.0,
		-0.039453974077848078,
		-0.8873111778900864,
		-0.45948042125946131,
		0.0,
		1.887190579189622,
		19.724189186540915,
		29.136849695067824,
		1.0
	],
	"intrinsic" : 
	{
		"height" : 1080,
		"intrinsic_matrix" : 
		[
			935.30743608719376,
			0.0,
			0.0,
			0.0,
			935.30743608719376,
			0.0,
			959.5,
			539.5,
			1.0
		],
		"width" : 1920
	},
	"version_major" : 1,
	"version_minor" : 0
}