{
	"class_name" : "ViewTrajectory",
	"interval" : 29,
	"is_loop" : false,
	"trajectory" : 
	[
		{
			"boundingbox_max" : [ 48.803848266601562, 117.39133453369141, 8.8359355926513672 ],
			"boundingbox_min" : [ -97.048820495605469, 0.0, -1.6830145120620728 ],
			"field_of_view" : 60.0,
			"front" : [ 0.07130751795272311, -0.95976178045024896, 0.27161105034661309 ],
			"lookat" : [ -4.4077300078794268, 55.438364305829857, -7.7746799913226603 ],
			"up" : [ 0.0081488837168894462, 0.27285569173999996, 0.96202046089428617 ],
			"zoom" : 0.27999999999999958
		}
	],
	"version_major" : 1,
	"version_minor" : 0
}